Title,BHK,Location,Price,Furnishing,Bathrooms,Tenant Preferred,Availability,Area (sqft),Area Type,Floor Number,Total Floors,Facing,Balcony,Page Number
"4 BHK Flat  for Rent in Hitech City, Hyderabad",4.0,Hitech City,1.0,Furnished,5,Family,Immediately,3300,carpet-area,9,14,East,2,2
"3 BHK Flat  for Rent in Banjara Hills, NH 9, Hyderabad",3.0,"Banjara Hills, NH 9",2.0,Semi-Furnished,3,Bachelors,Immediately,3500,super-area,Ground,5,East,2,2
"3 BHK Flat  for Rent in Gachibowli, Hyderabad",3.0,Gachibowli,75000.0,Furnished,3,Family,Immediately,2000,super-area,5,17,East,1,2
"3 BHK Flat  for Rent in Kokapet, Outer Ring Road, Hyderabad",3.0,"Kokapet, Outer Ring Road",74000.0,Semi-Furnished,3,Family,Immediately,1796,super-area,11,35,East,2,2
"3 BHK Flat  for Rent in Kondapur, Hyderabad",3.0,Kondapur,64000.0,Semi-Furnished,2,Bachelors,Immediately,1620,super-area,13,24,West,2,2
"3 BHK Flat  for Rent in Shaikpet, Hyderabad",3.0,Shaikpet,2.0,Semi-Furnished,3,Bachelors,Immediately,2876,super-area,20,32,East,3,3
"4 BHK Flat  for Rent in Hitech City, Hyderabad",4.0,Hitech City,1.0,Semi-Furnished,4,Bachelors/Family,Immediately,4761,super-area,5,20,East,3,3
3 BHK Flat  for Rent in  Hyderabad,3.0,Hyderabad,1.0,Semi-Furnished,4,Bachelors,Immediately,2400,super-area,2,5,East,2,3
"3 BHK Flat  for Rent in Gachibowli, Hyderabad",3.0,Gachibowli,66000.0,Semi-Furnished,4,Family,Immediately,2406,carpet-area,8,14,West,1,3
"Studio Apartment  for Rent in Kondapur, Hyderabad",,Kondapur,1500.0,Furnished,1,Bachelors/Family,Immediately,365,super-area,2,5,East,1,3
"4 BHK Flat  for Rent in Forest Dept Colony, Kondapur, Hyderabad",4.0,"Forest Dept Colony, Kondapur",1.0,Semi-Furnished,4,Family,Immediately,3000,carpet-area,9,25,East,2,3
"3 BHK Flat  for Rent in Kokapet, Outer Ring Road, Hyderabad",3.0,"Kokapet, Outer Ring Road",75000.0,Semi-Furnished,3,Family,Immediately,1335,carpet-area,21,34,East,1,4
"3 BHK Flat  for Rent in Kokapet, Outer Ring Road, Hyderabad",3.0,"Kokapet, Outer Ring Road",,Semi-Furnished,3,,Const. Age New Construction,1361,carpet-area,31,34,East,2,4
"4 BHK Flat  for Rent in Gachibowli, Hyderabad",4.0,Gachibowli,2.0,Furnished,5,Family,Immediately,4600,super-area,6,24,East,3,4
"2 BHK Flat  for Rent in Kondapur, Hyderabad",2.0,Kondapur,49000.0,Semi-Furnished,3,Bachelors/Family,Immediately,980,carpet-area,10,17,West,2,4
"3 BHK Flat  for Rent in Tellapur, Outer Ring Road, Hyderabad",3.0,"Tellapur, Outer Ring Road",55000.0,Unfurnished,3,Bachelors,Immediately,1926,super-area,18,39,East,1,4
"3 BHK Flat  for Rent in Gowlidoddy, Hyderabad",3.0,Gowlidoddy,85000.0,Semi-Furnished,3,Bachelors/Family,Immediately,1530,carpet-area,22,29,East,2,4
"3 BHK Flat  for Rent in Kokapet, Outer Ring Road, Hyderabad",3.0,"Kokapet, Outer Ring Road",78000.0,Semi-Furnished,3,Bachelors,From Mar '26,2124,super-area,26,35,West,2,4
"3 BHK Flat  for Rent in Gachibowli, Hyderabad",3.0,Gachibowli,50000.0,Semi-Furnished,2,Bachelors/Family,Immediately,865,carpet-area,24,24,West,2,4
"4 BHK Flat  for Rent in Manikonda Jagir, Hyderabad",4.0,Manikonda Jagir,1.0,Furnished,5,Family,Immediately,4200,carpet-area,18,28,East,1,4
"2 BHK Flat  for Rent in Narsingi, Outer Ring Road, Hyderabad",2.0,"Narsingi, Outer Ring Road",55000.0,Semi-Furnished,2,Bachelors/Family,Immediately,949,carpet-area,21,31,West,1,5
"2 BHK Flat  for Rent in Nalagandla, Hyderabad",2.0,Nalagandla,45000.0,Semi-Furnished,2,Family,Immediately,1275,super-area,23,24,East,1,5
"3 BHK Flat  for Rent in Tellapur, Outer Ring Road, Hyderabad",3.0,"Tellapur, Outer Ring Road",55000.0,Semi-Furnished,3,Bachelors/Family,Immediately,1500,carpet-area,20,39,East,1,5
"3 BHK Flat  for Rent in Kondapur, Hyderabad",3.0,Kondapur,34999.0,Furnished,3,Bachelors,Immediately,1800,carpet-area,4,5,North - East,3,5
"3 BHK Flat  for Rent in Gachibowli, Hyderabad",3.0,Gachibowli,66000.0,Unfurnished,3,Bachelors,Immediately,1742,super-area,28,34,West,1,5
"1 BHK Flat  for Rent in Kondapur, Hyderabad",1.0,Kondapur,14000.0,Furnished,1,Bachelors,Immediately,700,carpet-area,4,5,North - East,1,5
"2 BHK Flat  for Rent in Kondapur, Hyderabad",2.0,Kondapur,,Semi-Furnished,2,Bachelors,Immediately,1200,carpet-area,3,4,North - East,2,6
"3 BHK Flat  for Rent in Kondapur, Hyderabad",3.0,Kondapur,,Semi-Furnished,3,Bachelors,From Apr '26,2625,super-area,9,20,North,2,6
"4 BHK Flat  for Rent in Gachibowli, Hyderabad",4.0,Gachibowli,9100.0,Semi-Furnished,4,Family,Immediately,2500,carpet-area,7,9,West,3,6
"2 BHK Flat  for Rent in Gachibowli, Hyderabad",2.0,Gachibowli,4400.0,Semi-Furnished,2,Bachelors/Family,Immediately,866,carpet-area,6,18,West,1,6
"3 BHK Flat  for Rent in Kokapet, Outer Ring Road, Hyderabad",3.0,"Kokapet, Outer Ring Road",,Semi-Furnished,3,Bachelors,Immediately,2124,super-area,17,35,West,1,6
"3 BHK Flat  for Rent in OU Colony Shaikpet, Hyderabad",3.0,OU Colony Shaikpet,13000.0,Semi-Furnished,3,Bachelors/Family,Immediately,1840,carpet-area,11,27,West,2,6
"3 BHK Flat  for Rent in Tellapur, Outer Ring Road, Hyderabad",3.0,"Tellapur, Outer Ring Road",5000.0,Semi-Furnished,2,Bachelors/Family,Immediately,1200,carpet-area,15,39,East,2,6
"2 BHK Flat  for Rent in Tellapur, Outer Ring Road, Hyderabad",2.0,"Tellapur, Outer Ring Road",4000.0,Semi-Furnished,2,Bachelors/Family,Immediately,1150,carpet-area,9,39,East,1,6
"4 BHK Flat  for Rent in Gachibowli, Hyderabad",4.0,Gachibowli,12000.0,Semi-Furnished,4,Family,Immediately,2580,carpet-area,9,15,East,2,6
"1 BHK Flat  for Rent in Sri Ram Nagar Kondapur, Hyderabad",1.0,Sri Ram Nagar Kondapur,,Furnished,1,Bachelors/Family,Immediately,500,carpet-area,3,6,East,1,6
"3 BHK Flat  for Rent in Nallagandla Tellapur Road, Hyderabad",3.0,Nallagandla Tellapur Road,,Semi-Furnished,3,Bachelors,Immediately,1875,super-area,9,24,East,1,6
"3 BHK Flat  for Rent in Gachibowli, Hyderabad",3.0,Gachibowli,8000.0,Semi-Furnished,3,Bachelors,Immediately,1796,carpet-area,8,33,East,1,6
"3 BHK Flat  for Rent in Gachibowli, Hyderabad",3.0,Gachibowli,8000.0,Semi-Furnished,3,Bachelors/Family,Immediately,1993,super-area,20,34,East,3,7
"2 BHK Flat  for Rent in Kondapur, Hyderabad",2.0,Kondapur,,Semi-Furnished,2,Bachelors,Immediately,1435,super-area,8,26,East,1,7
"3 BHK Flat  for Rent in Kondapur, Hyderabad",3.0,Kondapur,,Semi-Furnished,3,Bachelors,Immediately,1800,carpet-area,1,3,North - East,3,7
"1 BHK Flat  for Rent in Kondapur, Hyderabad",1.0,Kondapur,,Semi-Furnished,1,Bachelors,Immediately,700,carpet-area,7,7,North - East,1,7
"3 BHK Flat  for Rent in Hitech City, Hyderabad",3.0,Hitech City,,Semi-Furnished,3,Bachelors/Family,Immediately,3430,super-area,27,34,East,2,7
"2 BHK Flat  for Rent in Kondapur, Hyderabad",2.0,Kondapur,,Semi-Furnished,2,Bachelors,Immediately,1200,carpet-area,3,5,North - East,2,7
"3 BHK Flat  for Rent in Shaikpet, Hyderabad",3.0,Shaikpet,14000.0,Semi-Furnished,3,Family,Immediately,2876,super-area,18,20,East,1,7
"3 BHK Flat  for Rent in Masjid Banda, Hyderabad",3.0,Masjid Banda,6500.0,Semi-Furnished,3,Family,Immediately,1710,super-area,12,19,East,1,7
"3 BHK Flat  for Rent in Tellapur, Outer Ring Road, Hyderabad",3.0,"Tellapur, Outer Ring Road",,Semi-Furnished,2,Bachelors/Family,Immediately,1326,carpet-area,10,39,North - East,,7
"3 BHK Flat  for Rent in Narsingi, Outer Ring Road, Hyderabad",3.0,"Narsingi, Outer Ring Road",5000.0,Semi-Furnished,3,Bachelors/Family,Immediately,1834,super-area,24,30,East,1,7
"3 BHK Flat  for Rent in Masjid Banda, Hyderabad",3.0,Masjid Banda,6500.0,Furnished,3,Family,Immediately,1880,super-area,1,19,East,2,7
"2 BHK Flat  for Rent in Miyapur, NH 9, Hyderabad",2.0,"Miyapur, NH 9",,Semi-Furnished,2,Bachelors,Immediately,1225,carpet-area,39,40,West,2,7
"2 BHK Flat  for Rent in Kondapur, Hyderabad",2.0,Kondapur,,Furnished,2,Bachelors,Immediately,1400,carpet-area,6,7,East,1,8
"3 BHK Flat  for Rent in Narsingi, Outer Ring Road, Hyderabad",3.0,"Narsingi, Outer Ring Road",7274.0,Semi-Furnished,3,Bachelors/Family,Immediately,1800,carpet-area,6,30,West,2,8
"3 BHK Flat  for Rent in Kondapur, Hyderabad",3.0,Kondapur,7500.0,Semi-Furnished,3,Bachelors/Family,Immediately,1450,carpet-area,24,39,East,2,8
"3 BHK Flat  for Rent in Kondapur, Hyderabad",3.0,Kondapur,,Semi-Furnished,3,Bachelors,Immediately,2000,super-area,10,19,East,2,8
"3 BHK Flat  for Rent in Nalagandla, Hyderabad",3.0,Nalagandla,,Semi-Furnished,2,Bachelors/Family,Immediately,1245,super-area,7,14,West,1,8
"3 BHK Flat  for Rent in Hitech City, Hyderabad",3.0,Hitech City,5000.0,Semi-Furnished,3,Bachelors,Immediately,2125,carpet-area,5,16,East,2,8
"2 BHK Flat  for Rent in Gachibowli, Hyderabad",2.0,Gachibowli,5000.0,Semi-Furnished,2,Bachelors,Immediately,1283,super-area,18,33,East,1,8
"1 BHK Flat  for Rent in Sri Ram Nagar Kondapur, Hyderabad",1.0,Sri Ram Nagar Kondapur,,Furnished,1,Bachelors/Family,Immediately,500,carpet-area,2,6,North,1,8
"2 BHK Flat  for Rent in Nalagandla, Hyderabad",2.0,Nalagandla,,Semi-Furnished,2,Bachelors/Family,Immediately,1275,super-area,11,26,West,1,9
"3 BHK Flat  for Rent in Gachibowli, Hyderabad",3.0,Gachibowli,11000.0,Semi-Furnished,3,Bachelors,Immediately,2300,super-area,19,24,North,2,9
"3 BHK Flat  for Rent in Masjid Banda, Hyderabad",3.0,Masjid Banda,,Semi-Furnished,2,Family,Immediately,1498,super-area,18,33,East,3,9
"3 BHK Flat  for Rent in Gachibowli, Hyderabad",3.0,Gachibowli,5000.0,Furnished,3,Bachelors/Family,Immediately,1670,super-area,3,3,East,3,9
"2 BHK Flat  for Rent in Narsingi, Outer Ring Road, Hyderabad",2.0,"Narsingi, Outer Ring Road",3500.0,Unfurnished,2,Family,Immediately,1314,super-area,26,30,East,1,9
"3 BHK Flat  for Rent in Masjid Banda, Hyderabad",3.0,Masjid Banda,10000.0,Semi-Furnished,3,Family,Immediately,2550,super-area,Ground,19,North,1,9
"3 BHK Flat  for Rent in Narsingi, Outer Ring Road, Hyderabad",3.0,"Narsingi, Outer Ring Road",,Semi-Furnished,3,Family,Immediately,1535,super-area,15,20,East,1,9
"4 BHK Flat  for Rent in Hitech City, Hyderabad",4.0,Hitech City,15000.0,Semi-Furnished,5,Bachelors/Family,Immediately,3100,carpet-area,4,12,North,2,9
"3 BHK Flat  for Rent in Prashasan Nagar, Hyderabad",3.0,Prashasan Nagar,3000.0,Semi-Furnished,3,Bachelors/Family,Immediately,2800,carpet-area,5,5,North - East,3,9
"1 BHK Flat  for Rent in Whitefields, Hyderabad",1.0,Whitefields,1000.0,Semi-Furnished,1,Bachelors/Family,Immediately,500,carpet-area,4,6,East,,9
"2 BHK Flat  for Rent in Gachibowli, Hyderabad",2.0,Gachibowli,,Semi-Furnished,2,Bachelors/Family,Immediately,1283,super-area,8,33,,1,9
"3 BHK Flat  for Rent in Kokapet, Outer Ring Road, Hyderabad",3.0,"Kokapet, Outer Ring Road",4500.0,Semi-Furnished,3,Bachelors/Family,Immediately,1335,carpet-area,16,38,East,2,10
"3 BHK Flat  for Rent in Nalagandla, Hyderabad",3.0,Nalagandla,6500.0,Semi-Furnished,3,Bachelors/Family,Immediately,1500,carpet-area,6,10,East,1,10
"3 BHK Flat  for Rent in Kokapet, Outer Ring Road, Hyderabad",3.0,"Kokapet, Outer Ring Road",7400.0,Semi-Furnished,3,Family,Immediately,1700,carpet-area,1,18,East,1,10
"3 BHK Flat  for Rent in Kokapet, Outer Ring Road, Hyderabad",3.0,"Kokapet, Outer Ring Road",,Semi-Furnished,3,,Const. Age Less than 5 years,1361,carpet-area,16,34,East,2,10
"1 BHK Flat  for Rent in Kondapur, Hyderabad",1.0,Kondapur,1000.0,Furnished,1,Bachelors,Immediately,520,carpet-area,5,6,East,1,10
"3 BHK Flat  for Rent in Masjid Banda, Hyderabad",3.0,Masjid Banda,10000.0,Semi-Furnished,3,Family,Immediately,2465,super-area,4,19,North,1,10
"2 BHK Flat  for Rent in Narsingi, Outer Ring Road, Hyderabad",2.0,"Narsingi, Outer Ring Road",5000.0,Semi-Furnished,2,Bachelors,Immediately,1370,super-area,12,39,East,1,10
"3 BHK Flat  for Rent in Shaikpet, Hyderabad",3.0,Shaikpet,,Semi-Furnished,3,Bachelors/Family,Immediately,2100,carpet-area,15,24,North - East,3,10
"3 BHK Flat  for Rent in Izzathnagar, Hyderabad",3.0,Izzathnagar,,Semi-Furnished,3,Bachelors/Family,Immediately,1500,carpet-area,30,40,West,2,10
"3 BHK Flat  for Rent in Kakateeya Nagar, Secunderabad, Hyderabad",3.0,"Kakateeya Nagar, Secunderabad",2500.0,Semi-Furnished,3,Family,Immediately,2300,super-area,1,4,East,3,11
"3 BHK Flat  for Rent in Kokapet, Outer Ring Road, Hyderabad",3.0,"Kokapet, Outer Ring Road",,Semi-Furnished,3,Bachelors,Immediately,1874,super-area,7,32,West,1,11
"3 BHK Flat  for Rent in Narsingi, Outer Ring Road, Hyderabad",3.0,"Narsingi, Outer Ring Road",5000.0,Semi-Furnished,3,Bachelors,Immediately,1540,super-area,23,40,West,2,11
"2 BHK Flat  for Rent in Miyapur, NH 9, Hyderabad",2.0,"Miyapur, NH 9",4000.0,Unfurnished,2,Family,Immediately,1150,carpet-area,4,5,East,1,11
"3 BHK Flat  for Rent in Gachibowli, Hyderabad",3.0,Gachibowli,5500.0,Unfurnished,3,Bachelors,Immediately,1600,carpet-area,9,12,East,2,11
"3 BHK Flat  for Rent in Gachibowli, Hyderabad",3.0,Gachibowli,,Semi-Furnished,2,Bachelors/Family,Immediately,900,carpet-area,18,21,East,1,11
"3 BHK Flat  for Rent in Hitech City, Hyderabad",3.0,Hitech City,5000.0,Semi-Furnished,3,Family,Immediately,1950,carpet-area,8,14,East,2,11
"3 BHK Flat  for Rent in Narsingi, Outer Ring Road, Hyderabad",3.0,"Narsingi, Outer Ring Road",8000.0,Semi-Furnished,3,Family,Immediately,1850,carpet-area,38,39,East,2,11
"5 BHK Flat  for Rent in Malakunta Financial District, Hyderabad",5.0,Malakunta Financial District,20000.0,Furnished,5,Bachelors/Family,Immediately,5000,carpet-area,9,25,East,3,11
"2 BHK Flat  for Rent in Whitefields, Hyderabad",2.0,Whitefields,3500.0,Unfurnished,2,Family,Immediately,1100,carpet-area,3,5,West,1,11
"3 BHK Flat  for Rent in Nalagandla, Hyderabad",3.0,Nalagandla,8000.0,Furnished,3,Bachelors,Immediately,1960,super-area,20,24,East,2,11
"3 BHK Flat  for Rent in Gachibowli, Hyderabad",3.0,Gachibowli,,Semi-Furnished,2,Bachelors,Immediately,1740,super-area,9,14,East,2,12
"3 BHK Flat  for Rent in Kondapur, Hyderabad",3.0,Kondapur,6200.0,Semi-Furnished,3,Bachelors,From Apr '26,1261,carpet-area,13,25,North,1,12
"3 BHK Flat  for Rent in Kondapur, Hyderabad",3.0,Kondapur,2000.0,Furnished,3,Bachelors/Family,Immediately,1600,carpet-area,5,5,North,2,12
"3 BHK Flat  for Rent in Khajaguda, Hyderabad",3.0,Khajaguda,,Semi-Furnished,3,Bachelors/Family,Immediately,2210,super-area,6,9,East,1,12
"2 BHK Flat  for Rent in Kondapur, Hyderabad",2.0,Kondapur,,Furnished,2,Bachelors/Family,Immediately,1350,carpet-area,3,7,East,1,12
"2 BHK Flat  for Rent in Tellapur, Outer Ring Road, Hyderabad",2.0,"Tellapur, Outer Ring Road",,Semi-Furnished,2,Family,Immediately,948,carpet-area,19,39,East,1,12
"3 BHK Flat  for Rent in Gachibowli, Hyderabad",3.0,Gachibowli,10000.0,Semi-Furnished,4,Bachelors,Immediately,2440,super-area,8,16,West,1,12
"3 BHK Flat  for Rent in Narsingi, Outer Ring Road, Hyderabad",3.0,"Narsingi, Outer Ring Road",,Semi-Furnished,3,Family,Immediately,1535,super-area,14,20,West,1,12
"4 BHK Flat  for Rent in Madhapur, Hyderabad",4.0,Madhapur,12000.0,Furnished,4,Bachelors,Immediately,2800,super-area,5,15,West,2,12
"4 BHK Flat  for Rent in Gachibowli, Hyderabad",4.0,Gachibowli,12000.0,Semi-Furnished,4,Bachelors,Immediately,4055,super-area,5,9,West,3,12
"3 BHK Flat  for Rent in Gachibowli, Hyderabad",3.0,Gachibowli,10000.0,Furnished,3,Bachelors/Family,Immediately,3625,super-area,15,30,North,3,12
"2 BHK Flat  for Rent in Kondapur, Hyderabad",2.0,Kondapur,,Furnished,2,Bachelors,Immediately,1290,super-area,5,24,West,1,13
"3 BHK Flat  for Rent in Kokapet, Outer Ring Road, Hyderabad",3.0,"Kokapet, Outer Ring Road",5000.0,Semi-Furnished,3,Bachelors,Immediately,1960,super-area,10,14,North,2,13
"3 BHK Flat  for Rent in Kondapur, Hyderabad",3.0,Kondapur,,Semi-Furnished,3,Bachelors,Immediately,1908,super-area,19,26,East,1,13
"3 BHK Flat  for Rent in Puppalguda, Hyderabad",3.0,Puppalguda,8000.0,Semi-Furnished,3,Bachelors,From Mar '26,1225,carpet-area,26,30,East,1,13
"3 BHK Flat  for Rent in Chhota Anjaiah Nagar, Gachibowli, Outer Ring Road, Hyderabad",3.0,"Chhota Anjaiah Nagar, Gachibowli, Outer Ring Road",7000.0,Semi-Furnished,3,Bachelors/Family,Immediately,2200,carpet-area,10,19,East,3,13
"3 BHK Flat  for Rent in Gachibowli, Hyderabad",3.0,Gachibowli,6000.0,Unfurnished,3,Bachelors/Family,Immediately,2160,super-area,12,14,North - East,1,13
"3 BHK Flat  for Rent in Gachibowli, Hyderabad",3.0,Gachibowli,10000.0,Semi-Furnished,4,Bachelors,Immediately,2440,super-area,9,16,West,2,13
"3 BHK Flat  for Rent in Kondapur, Hyderabad",3.0,Kondapur,2500.0,Semi-Furnished,2,Bachelors/Family,Immediately,1500,carpet-area,2,5,West,2,13
"2 BHK Flat  for Rent in Kondapur, Hyderabad",2.0,Kondapur,,Furnished,2,Bachelors/Family,Immediately,1450,carpet-area,5,6,East,1,14
"4 BHK Flat  for Rent in HUDA Techno Enclave, Hitech City, Hyderabad",4.0,"HUDA Techno Enclave, Hitech City",16000.0,Semi-Furnished,4,Family,Immediately,4095,super-area,12,20,East,3,14
"4 BHK Flat  for Rent in Financial District, Nanakram Guda, Hyderabad",4.0,"Financial District, Nanakram Guda",45600.0,Semi-Furnished,5,Family,Immediately,7718,super-area,26,28,East,5,14
"1 BHK Flat  for Rent in Madhapur, Hyderabad",1.0,Madhapur,1000.0,Furnished,1,Bachelors/Family,Immediately,500,carpet-area,4,5,East,1,14
"1 BHK Flat  for Rent in Madhapur, Hyderabad",1.0,Madhapur,1000.0,Furnished,1,Bachelors/Family,Immediately,800,carpet-area,4,6,East,1,14
"1 BHK Flat  for Rent in Kondapur, Hyderabad",1.0,Kondapur,,Furnished,1,Bachelors/Family,Immediately,500,carpet-area,4,5,East,1,14
"3 BHK Flat  for Rent in Kokapet, Outer Ring Road, Hyderabad",3.0,"Kokapet, Outer Ring Road",,Semi-Furnished,3,,Const. Age Less than 5 years,1166,carpet-area,28,34,West,1,14
"1 BHK Flat  for Rent in Kondapur, Hyderabad",1.0,Kondapur,,Furnished,1,Bachelors,Immediately,950,carpet-area,5,6,East,1,14
"1 BHK Flat  for Rent in Kondapur, Hyderabad",1.0,Kondapur,1000.0,Furnished,1,Bachelors,Immediately,560,carpet-area,4,5,East,1,14
"1 BHK Flat  for Rent in Kondapur, Hyderabad",1.0,Kondapur,1000.0,Furnished,1,Bachelors,Immediately,560,carpet-area,5,5,East,1,14
"1 BHK Flat  for Rent in Kondapur, Hyderabad",1.0,Kondapur,1000.0,Furnished,1,Bachelors,Immediately,560,carpet-area,2,5,North,1,14
"1 BHK Flat  for Rent in Kondapur, Hyderabad",1.0,Kondapur,1000.0,Furnished,1,Bachelors,Immediately,550,carpet-area,3,5,East,1,14
"1 BHK Flat  for Rent in Kondapur, Hyderabad",1.0,Kondapur,1000.0,Furnished,1,Bachelors,Immediately,560,carpet-area,4,5,North,1,14
"3 BHK Flat  for Rent in Masjid Banda, Hyderabad",3.0,Masjid Banda,6000.0,Semi-Furnished,3,Bachelors/Family,Immediately,1900,carpet-area,1,20,East,2,14
"2 BHK Flat  for Rent in Narsingi, Outer Ring Road, Hyderabad",2.0,"Narsingi, Outer Ring Road",4500.0,Furnished,2,Bachelors/Family,Immediately,1200,carpet-area,2,30,East,1,15
"2 BHK Flat  for Rent in Gachibowli, Hyderabad",2.0,Gachibowli,,Furnished,3,Bachelors/Family,Immediately,1700,carpet-area,5,5,South,,15
"2 BHK Flat  for Rent in Kondapur, Hyderabad",2.0,Kondapur,2000.0,Semi-Furnished,2,Bachelors,Immediately,1100,carpet-area,3,5,East,2,15
"3 BHK Flat  for Rent in Alkapoor, Hyderabad",3.0,Alkapoor,5800.0,Semi-Furnished,3,Bachelors/Family,Immediately,1500,carpet-area,8,15,East,1,15
"3 BHK Flat  for Rent in Kondapur, Hyderabad",3.0,Kondapur,7000.0,Semi-Furnished,3,Bachelors,Immediately,1805,super-area,7,26,East,2,15
"3 BHK Flat  for Rent in Kondapur, Hyderabad",3.0,Kondapur,5000.0,Furnished,3,Family,Immediately,1615,super-area,17,24,East,1,15
"3 BHK Flat  for Rent in Narsingi, Outer Ring Road, Hyderabad",3.0,"Narsingi, Outer Ring Road",7200.0,Semi-Furnished,3,Bachelors,Immediately,2020,super-area,17,39,West,1,15
"3 BHK Flat  for Rent in Financial District, Nanakram Guda, Hyderabad",3.0,"Financial District, Nanakram Guda",,Semi-Furnished,3,Bachelors/Family,Immediately,1950,super-area,7,9,East,1,15
"4 BHK Flat  for Rent in Malakunta Financial District, Hyderabad",4.0,Malakunta Financial District,25000.0,Semi-Furnished,4,Bachelors/Family,Immediately,7700,carpet-area,25,27,East,3,16
"1 BHK Flat  for Rent in Kondapur, Hyderabad",1.0,Kondapur,1000.0,Semi-Furnished,1,Bachelors,Immediately,560,carpet-area,4,5,East,1,16
"4 BHK Flat  for Rent in Hitech City, Hyderabad",4.0,Hitech City,18000.0,Semi-Furnished,4,Bachelors/Family,Immediately,4070,super-area,32,35,East,3,16
"3 BHK Flat  for Rent in Izzathnagar, Hyderabad",3.0,Izzathnagar,8000.0,Semi-Furnished,3,Bachelors,Immediately,2188,super-area,16,40,East,2,16
1 BHK Flat  for Rent in  Hyderabad,1.0,Hyderabad,,Furnished,1,Bachelors,Immediately,700,carpet-area,1,2,North - West,2,16
"3 BHK Flat  for Rent in Nanakaramguda, Hyderabad",3.0,Nanakaramguda,,Semi-Furnished,2,Bachelors/Family,Immediately,1935,super-area,6,12,West,1,16
"3 BHK Flat  for Rent in Nalagandla, Hyderabad",3.0,Nalagandla,5000.0,Furnished,3,Family,Immediately,1600,carpet-area,17,31,West,2,16
"3 BHK Flat  for Rent in Kokapet, Outer Ring Road, Hyderabad",3.0,"Kokapet, Outer Ring Road",,Semi-Furnished,3,Bachelors/Family,Immediately,1960,super-area,9,14,East,1,17
"3 BHK Flat  for Rent in Gachibowli, Hyderabad",3.0,Gachibowli,4000.0,Semi-Furnished,3,Bachelors/Family,Immediately,1380,super-area,3,12,West,2,17
"4 BHK Flat  for Rent in Hitech City, Hyderabad",4.0,Hitech City,,Semi-Furnished,4,Bachelors,Immediately,3430,super-area,21,35,West,2,17
"2 BHK Flat  for Rent in Kondapur, Hyderabad",2.0,Kondapur,2500.0,Semi-Furnished,2,Family,Immediately,1100,carpet-area,4,4,West,2,17
"3 BHK Flat  for Rent in HUDA Layout Nalagandla, Hyderabad",3.0,HUDA Layout Nalagandla,5500.0,Semi-Furnished,3,Family,Immediately,1550,carpet-area,7,10,East,1,17
"3 BHK Flat  for Rent in Gachibowli, Hyderabad",3.0,Gachibowli,,Semi-Furnished,3,Bachelors/Family,Immediately,1961,super-area,8,30,North,2,17
"4 BHK Flat  for Rent in Hitech City, Hyderabad",4.0,Hitech City,28000.0,Furnished,7,Bachelors/Family,Immediately,4395,carpet-area,7,39,East,3,17
"4 BHK Flat  for Rent in Hitech City, Hyderabad",4.0,Hitech City,,Semi-Furnished,4,Bachelors,Immediately,3430,super-area,19,35,West,2,17
"3 BHK Flat  for Rent in Kondapur, Hyderabad",3.0,Kondapur,2000.0,Semi-Furnished,3,Bachelors/Family,Immediately,1900,carpet-area,3,5,East,3,17
"3 BHK Flat  for Rent in Puppalguda, Hyderabad",3.0,Puppalguda,,Semi-Furnished,3,Bachelors/Family,Immediately,1128,carpet-area,20,32,East,2,17
"2 BHK Flat  for Rent in Madhapur, Hyderabad",2.0,Madhapur,2000.0,Semi-Furnished,2,Bachelors/Family,Immediately,1150,carpet-area,3,7,East,2,17
"1 BHK Flat  for Rent in Kondapur, Hyderabad",1.0,Kondapur,1000.0,Unfurnished,1,Bachelors,Immediately,560,carpet-area,3,5,East,1,18
"3 BHK Flat  for Rent in Nalagandla, Hyderabad",3.0,Nalagandla,,Semi-Furnished,3,Bachelors/Family,Immediately,1495,super-area,2,25,West,2,18
"3 BHK Flat  for Rent in Kondapur, Hyderabad",3.0,Kondapur,,Semi-Furnished,3,Bachelors/Family,Immediately,1498,super-area,28,39,,1,18
"3 BHK Flat  for Rent in Kokapet, Outer Ring Road, Hyderabad",3.0,"Kokapet, Outer Ring Road",,Semi-Furnished,3,Bachelors/Family,Immediately,1905,carpet-area,4,10,North - East,,18
"3 BHK Flat  for Rent in Kokapet, Outer Ring Road, Hyderabad",3.0,"Kokapet, Outer Ring Road",,Semi-Furnished,3,,Const. Age Less than 5 years,1361,carpet-area,15,34,East,1,18
"3 BHK Flat  for Rent in Nanakaramguda, Hyderabad",3.0,Nanakaramguda,7000.0,Semi-Furnished,3,Bachelors/Family,Immediately,1900,super-area,8,12,East,2,18
"1 BHK Flat  for Rent in Gachibowli, Hyderabad",1.0,Gachibowli,,Furnished,1,Bachelors/Family,Immediately,600,carpet-area,3,7,North - East,1,18
"3 BHK Flat  for Rent in Narsingi, Outer Ring Road, Hyderabad",3.0,"Narsingi, Outer Ring Road",,Semi-Furnished,3,Bachelors,Immediately,2020,super-area,9,39,West,1,18
"2 BHK Flat  for Rent in Tellapur, Outer Ring Road, Hyderabad",2.0,"Tellapur, Outer Ring Road",,Semi-Furnished,2,Family,Immediately,915,carpet-area,19,39,West,1,18
"3 BHK Flat  for Rent in Gachibowli, Hyderabad",3.0,Gachibowli,,Furnished,3,Bachelors/Family,Immediately,1685,super-area,12,14,East,2,19
"3 BHK Flat  for Rent in Tellapur, Outer Ring Road, Hyderabad",3.0,"Tellapur, Outer Ring Road",,Semi-Furnished,3,Family,Immediately,1335,carpet-area,19,39,East,2,19
"1 BHK Flat  for Rent in Banjara Hills, NH 9, Hyderabad",1.0,"Banjara Hills, NH 9",,Furnished,1,Bachelors,From Mar '26,750,carpet-area,4,5,East,1,19
"3 BHK Flat  for Rent in Kokapet, Outer Ring Road, Hyderabad",3.0,"Kokapet, Outer Ring Road",9000.0,Semi-Furnished,3,Family,Immediately,1750,carpet-area,24,36,East,2,19
"3 BHK Flat  for Rent in Izzathnagar, Hyderabad",3.0,Izzathnagar,,Semi-Furnished,3,Bachelors/Family,Immediately,2200,carpet-area,14,40,North - East,,19
"4 BHK Flat  for Rent in Phase 3 Gachibowli, Hyderabad",4.0,Phase 3 Gachibowli,21000.0,Semi-Furnished,4,Bachelors,Immediately,4001,super-area,17,21,East,2,19
"2 BHK Flat  for Rent in Puppalguda, Hyderabad",2.0,Puppalguda,5000.0,Semi-Furnished,2,Bachelors,From Apr '26,855,carpet-area,1,32,East,1,19
"3 BHK Flat  for Rent in Narsingi, Outer Ring Road, Hyderabad",3.0,"Narsingi, Outer Ring Road",8000.0,Semi-Furnished,3,Family,Immediately,1660,carpet-area,11,39,North - East,1,19
"4 BHK Flat  for Rent in Kondapur, Hyderabad",4.0,Kondapur,16000.0,Semi-Furnished,5,Bachelors,Immediately,4889,carpet-area,,,West,4,19
"4 BHK Flat  for Rent in Power Welfare Society, Hyderabad",4.0,Power Welfare Society,8500.0,Semi-Furnished,4,Family,Immediately,2160,carpet-area,22,35,West,1,19
"3 BHK Flat  for Rent in Gachibowli, Hyderabad",3.0,Gachibowli,9000.0,Furnished,5,Family,Immediately,2533,carpet-area,9,9,West,2,19
"3 BHK Flat  for Rent in Gachibowli, Hyderabad",3.0,Gachibowli,9000.0,Furnished,5,Family,Immediately,2532,carpet-area,9,9,West,2,19
"3 BHK Flat  for Rent in Gachibowli, Hyderabad",3.0,Gachibowli,9000.0,Furnished,5,Family,Immediately,2531,carpet-area,9,9,West,2,19
"3 BHK Flat  for Rent in Gachibowli, Hyderabad",3.0,Gachibowli,10000.0,Semi-Furnished,4,Family,Immediately,2551,carpet-area,8,14,West,1,20
"3 BHK Flat  for Rent in Gachibowli, Hyderabad",3.0,Gachibowli,10000.0,Semi-Furnished,4,Family,Immediately,2551,carpet-area,8,14,West,1,20
"3 BHK Flat  for Rent in Gachibowli, Hyderabad",3.0,Gachibowli,10000.0,Semi-Furnished,4,Family,Immediately,2550,carpet-area,9,14,West,1,20
"3 BHK Flat  for Rent in Gachibowli, Hyderabad",3.0,Gachibowli,6000.0,Furnished,3,Family,Immediately,2365,super-area,16,19,West,1,20
"3 BHK Flat  for Rent in Gachibowli, Hyderabad",3.0,Gachibowli,,Semi-Furnished,3,Bachelors/Family,Immediately,2060,carpet-area,5,10,North - East,3,20
"3 BHK Flat  for Rent in Miyapur, NH 9, Hyderabad",3.0,"Miyapur, NH 9",,Semi-Furnished,3,Bachelors/Family,Immediately,1210,carpet-area,4,10,North - East,2,20
"1 BHK Flat  for Rent in Kondapur, Hyderabad",1.0,Kondapur,,Furnished,1,Bachelors/Family,Immediately,350,carpet-area,4,6,East,1,20
"4 BHK Flat  for Rent in Power Welfare Society, Hyderabad",4.0,Power Welfare Society,8500.0,Semi-Furnished,4,Family,Immediately,2420,carpet-area,24,34,West,1,21
"4 BHK Flat  for Rent in Phase 3 Gachibowli, Hyderabad",4.0,Phase 3 Gachibowli,21000.0,Furnished,4,Family,Immediately,4510,carpet-area,3,23,East,2,21
"3 BHK Flat  for Rent in Kokapet, Outer Ring Road, Hyderabad",3.0,"Kokapet, Outer Ring Road",,Semi-Furnished,3,Bachelors/Family,Immediately,2124,carpet-area,5,10,North - East,,21
"4 BHK Flat  for Rent in Phase 3 Gachibowli, Hyderabad",4.0,Phase 3 Gachibowli,21000.0,Semi-Furnished,4,Family,Immediately,4190,super-area,14,23,East,2,21
"3 BHK Flat  for Rent in Kondapur, Hyderabad",3.0,Kondapur,4500.0,Semi-Furnished,3,Bachelors,Immediately,1945,super-area,20,24,East,2,21
"3 BHK Flat  for Rent in Maheshwaram, Hyderabad",3.0,Maheshwaram,,Semi-Furnished,3,Bachelors/Family,Immediately,2225,carpet-area,5,10,North - East,,21
"4 BHK Flat  for Rent in Kondapur, Hyderabad",4.0,Kondapur,27500.0,Semi-Furnished,4,Bachelors,Immediately,5999,super-area,6,22,West,4,21
"3 BHK Flat  for Rent in Hitech City, Hyderabad",3.0,Hitech City,,Semi-Furnished,3,Bachelors,Immediately,1890,carpet-area,36,40,West,2,21
"3 BHK Flat  for Rent in Kondapur, Hyderabad",3.0,Kondapur,,Semi-Furnished,3,Bachelors,Immediately,1955,super-area,18,24,East,2,21
"3 BHK Flat  for Rent in Kondapur, Hyderabad",3.0,Kondapur,,Furnished,3,Bachelors/Family,Immediately,1350,carpet-area,4,10,North - East,1,21
"3 BHK Flat  for Rent in Financial District, Nanakram Guda, Hyderabad",3.0,"Financial District, Nanakram Guda",8000.0,Semi-Furnished,3,Family,Immediately,1714,carpet-area,12,15,East,3,21
"3 BHK Flat  for Rent in Narsingi, Outer Ring Road, Hyderabad",3.0,"Narsingi, Outer Ring Road",8000.0,Semi-Furnished,3,Family,Immediately,1350,carpet-area,10,13,East,3,21
"3 BHK Flat  for Rent in Kokapet, Outer Ring Road, Hyderabad",3.0,"Kokapet, Outer Ring Road",10000.0,Semi-Furnished,3,Family,Immediately,1166,carpet-area,16,34,West,2,21
"3 BHK Flat  for Rent in Kokapet, Outer Ring Road, Hyderabad",3.0,"Kokapet, Outer Ring Road",5000.0,Furnished,3,Bachelors/Family,Immediately,1815,carpet-area,11,11,West,2,21
"4 BHK Flat  for Rent in Phase 3 Gachibowli, Hyderabad",4.0,Phase 3 Gachibowli,21000.0,Semi-Furnished,4,Family,Immediately,4490,carpet-area,3,23,East,2,21
"3 BHK Flat  for Rent in Gachibowli, Hyderabad",3.0,Gachibowli,10000.0,Furnished,3,Bachelors,Immediately,2650,carpet-area,6,30,South,2,21
"3 BHK Flat  for Rent in Manikonda Jagir, Hyderabad",3.0,Manikonda Jagir,3000.0,Semi-Furnished,3,Bachelors,Immediately,1995,super-area,8,20,East,1,21
"3 BHK Flat  for Rent in Gachibowli, Hyderabad",3.0,Gachibowli,22000.0,Furnished,3,Bachelors/Family,Immediately,2850,carpet-area,6,30,South,2,21
"3 BHK Flat  for Rent in Narsingi, Outer Ring Road, Hyderabad",3.0,"Narsingi, Outer Ring Road",,Semi-Furnished,3,Bachelors/Family,Immediately,2335,carpet-area,13,15,North - East,1,22
"3 BHK Flat  for Rent in Hitech City, Hyderabad",3.0,Hitech City,6800.0,Semi-Furnished,3,Bachelors,Immediately,1530,carpet-area,11,14,East,3,22
"3 BHK Flat  for Rent in Nalagandla, Hyderabad",3.0,Nalagandla,,Semi-Furnished,3,Bachelors/Family,Immediately,1600,carpet-area,2,14,East,2,22
"2 BHK Flat  for Rent in Gachibowli, Hyderabad",2.0,Gachibowli,5000.0,Furnished,2,Bachelors,Immediately,1283,super-area,26,34,East,1,22
"2 BHK Flat  for Rent in Gachibowli, Hyderabad",2.0,Gachibowli,5000.0,Semi-Furnished,2,Bachelors,Immediately,1283,super-area,4,34,East,1,22
"4 BHK Flat  for Rent in Narsingi, Outer Ring Road, Hyderabad",4.0,"Narsingi, Outer Ring Road",,Semi-Furnished,4,Bachelors,Immediately,3939,super-area,4,26,East,3,22
"3 BHK Flat  for Rent in Banjara Hills, NH 9, Hyderabad",3.0,"Banjara Hills, NH 9",,Semi-Furnished,3,Bachelors/Family,Immediately,1950,carpet-area,1,4,East,3,22
"3 BHK Flat  for Rent in Narsingi, Outer Ring Road, Hyderabad",3.0,"Narsingi, Outer Ring Road",15000.0,Semi-Furnished,3,Bachelors/Family,Immediately,2800,super-area,39,40,West,3,22
"3 BHK Flat  for Rent in Kondapur, Hyderabad",3.0,Kondapur,8000.0,Semi-Furnished,3,Bachelors,Immediately,2475,super-area,2,18,East,2,22
"3 BHK Flat  for Rent in Kokapet, Outer Ring Road, Hyderabad",3.0,"Kokapet, Outer Ring Road",10000.0,Semi-Furnished,3,Bachelors/Family,Immediately,1166,carpet-area,32,35,East,1,22
"4 BHK Flat  for Rent in Kondapur, Hyderabad",4.0,Kondapur,,Unfurnished,4,Bachelors,Immediately,3075,super-area,10,20,West,3,22
"4 BHK Flat  for Rent in Gachibowli, Hyderabad",4.0,Gachibowli,7000.0,Semi-Furnished,4,Bachelors/Family,Immediately,3500,super-area,2,5,West,2,22
"3 BHK Flat  for Rent in Manikonda Jagir, Hyderabad",3.0,Manikonda Jagir,,Semi-Furnished,3,Bachelors,Immediately,2405,super-area,10,14,East,2,22
"3 BHK Flat  for Rent in Hitech City, Hyderabad",3.0,Hitech City,3000.0,Furnished,3,Bachelors,Immediately,1200,carpet-area,5,5,West,2,22
"4 BHK Flat  for Rent in Kokapet, Outer Ring Road, Hyderabad",4.0,"Kokapet, Outer Ring Road",10000.0,Semi-Furnished,4,Bachelors/Family,Immediately,2700,carpet-area,25,30,West,3,23
"1 BHK Flat  for Rent in Kondapur, Hyderabad",1.0,Kondapur,,Furnished,1,Bachelors/Family,Immediately,510,carpet-area,5,6,East,1,23
"1 BHK Flat  for Rent in Kondapur, Hyderabad",1.0,Kondapur,,Furnished,1,Bachelors,Immediately,700,carpet-area,5,5,North - East,1,23
"3 BHK Flat  for Rent in Kondapur, Hyderabad",3.0,Kondapur,,Semi-Furnished,3,Bachelors,Immediately,1800,carpet-area,1,4,North - East,2,23
"1 BHK Flat  for Rent in Kondapur, Hyderabad",1.0,Kondapur,,Furnished,1,Bachelors/Family,Immediately,460,carpet-area,2,6,East,1,23
"2 BHK Flat  for Rent in Narsingi, Outer Ring Road, Hyderabad",2.0,"Narsingi, Outer Ring Road",5000.0,Semi-Furnished,2,Family,Immediately,1370,super-area,13,39,East,1,23
"3 BHK Flat  for Rent in Siddiq Nagar Hitech City, Hyderabad",3.0,Siddiq Nagar Hitech City,10000.0,Furnished,3,Bachelors/Family,Immediately,2595,carpet-area,37,39,West,3,23
"3 BHK Flat  for Rent in Kondapur, Hyderabad",3.0,Kondapur,5000.0,Unfurnished,3,Family,Immediately,1374,carpet-area,20,24,West,1,24
"3 BHK Flat  for Rent in Narsingi, Outer Ring Road, Hyderabad",3.0,"Narsingi, Outer Ring Road",6000.0,Semi-Furnished,3,Bachelors/Family,Immediately,1600,carpet-area,2,8,East,1,24
"3 BHK Flat  for Rent in Gachibowli, Hyderabad",3.0,Gachibowli,,Unfurnished,3,Bachelors/Family,Immediately,2360,super-area,9,14,,3,24
"4 BHK Flat  for Rent in Kondapur, Hyderabad",4.0,Kondapur,16000.0,Semi-Furnished,4,Bachelors,Immediately,4095,super-area,7,19,East,2,24
"3 BHK Flat  for Rent in Kokapet, Outer Ring Road, Hyderabad",3.0,"Kokapet, Outer Ring Road",8000.0,Semi-Furnished,3,Bachelors,Immediately,1874,super-area,1,36,East,2,24
"3 BHK Flat  for Rent in Masjid Banda, Hyderabad",3.0,Masjid Banda,6000.0,Furnished,3,Family,Immediately,2000,carpet-area,2,18,East,1,24
"4 BHK Flat  for Rent in Hitech City Main Road, Hyderabad",4.0,Hitech City Main Road,20000.0,Furnished,5,Bachelors/Family,Immediately,4320,super-area,7,15,West,3,24
"4 BHK Flat  for Rent in Kokapet, Outer Ring Road, Hyderabad",4.0,"Kokapet, Outer Ring Road",,Semi-Furnished,5,Bachelors/Family,Immediately,2708,super-area,12,35,,2,24
"3 BHK Flat  for Rent in Ameenpur, Hyderabad",3.0,Ameenpur,1800.0,Semi-Furnished,2,Bachelors/Family,Immediately,1200,carpet-area,2,5,West,2,24
"2 BHK Flat  for Rent in Gandipet, Hyderabad",2.0,Gandipet,4000.0,Furnished,2,Family,Immediately,1100,carpet-area,8,11,West,2,24
"3 BHK Flat  for Rent in Kondapur, Hyderabad",3.0,Kondapur,7500.0,Semi-Furnished,3,Bachelors/Family,Immediately,1750,carpet-area,15,22,,2,25
"3 BHK Flat  for Rent in Gopanpalle, Hyderabad",3.0,Gopanpalle,6000.0,Semi-Furnished,3,Family,Immediately,1770,carpet-area,28,30,West,1,25
"3 BHK Flat  for Rent in Kokapet, Outer Ring Road, Hyderabad",3.0,"Kokapet, Outer Ring Road",7434.0,Semi-Furnished,3,Family,Immediately,1860,carpet-area,29,36,East,2,25
"4 BHK Flat  for Rent in Nalagandla, Hyderabad",4.0,Nalagandla,10000.0,Semi-Furnished,4,Bachelors,Immediately,2660,super-area,5,24,West,2,25
"3 BHK Flat  for Rent in Narsingi, Outer Ring Road, Hyderabad",3.0,"Narsingi, Outer Ring Road",9000.0,Semi-Furnished,3,Family,Immediately,2660,super-area,1,1,East,1,25
"4 BHK Flat  for Rent in Kondapur, Hyderabad",4.0,Kondapur,27000.0,Semi-Furnished,4,Bachelors,Immediately,5999,super-area,6,12,West,3,25
"2 BHK Flat  for Rent in Narsingi, Outer Ring Road, Hyderabad",2.0,"Narsingi, Outer Ring Road",,Semi-Furnished,2,Bachelors,Immediately,1370,super-area,33,39,West,1,25
"1 BHK Flat  for Rent in Kondapur, Hyderabad",1.0,Kondapur,1000.0,Furnished,1,Bachelors/Family,Immediately,450,carpet-area,3,4,East,1,25
"3 BHK Flat  for Rent in Gachibowli, Hyderabad",3.0,Gachibowli,5000.0,Semi-Furnished,3,Bachelors,Immediately,2085,super-area,7,16,East,3,26
"3 BHK Flat  for Rent in Kondapur, Hyderabad",3.0,Kondapur,,Furnished,3,Bachelors,Immediately,1800,carpet-area,1,5,North - East,2,26
3 BHK Flat  for Rent in  Hyderabad,3.0,Hyderabad,,Semi-Furnished,3,Bachelors/Family,Immediately,2260,carpet-area,39,39,West,2,26
"3 BHK Flat  for Rent in Kokapet, Outer Ring Road, Hyderabad",3.0,"Kokapet, Outer Ring Road",,Semi-Furnished,3,Family,Immediately,1450,carpet-area,10,12,West,2,26
"3 BHK Flat  for Rent in Kondapur, Hyderabad",3.0,Kondapur,,Furnished,3,Bachelors/Family,Immediately,2475,super-area,2,18,East,2,26
"2 BHK Flat  for Rent in Kondapur, Hyderabad",2.0,Kondapur,,Semi-Furnished,2,Bachelors,Immediately,1435,super-area,9,22,West,1,26
"3 BHK Flat  for Rent in Narsingi, Outer Ring Road, Hyderabad",3.0,"Narsingi, Outer Ring Road",5000.0,Furnished,3,Bachelors,Immediately,1535,super-area,7,18,West,1,26
"3 BHK Flat  for Rent in Kokapet, Outer Ring Road, Hyderabad",3.0,"Kokapet, Outer Ring Road",,Semi-Furnished,3,Family,Immediately,1700,carpet-area,7,34,East,2,26
"1 BHK Flat  for Rent in Kondapur, Hyderabad",1.0,Kondapur,1000.0,Furnished,1,Bachelors,Immediately,650,carpet-area,6,6,East,1,26
"1 BHK Flat  for Rent in Kondapur, Hyderabad",1.0,Kondapur,,Semi-Furnished,1,Bachelors,Immediately,700,carpet-area,3,5,North - East,1,27
"3 BHK Flat  for Rent in Tellapur, Outer Ring Road, Hyderabad",3.0,"Tellapur, Outer Ring Road",,Semi-Furnished,2,Bachelors,Immediately,1573,super-area,16,39,East,1,27
"3 BHK Flat  for Rent in Kondapur, Hyderabad",3.0,Kondapur,,Semi-Furnished,3,Bachelors,Immediately,1857,super-area,34,39,North,2,27
"4 BHK Flat  for Rent in Gachibowli, Hyderabad",4.0,Gachibowli,5000.0,Semi-Furnished,4,Bachelors,Immediately,2713,super-area,12,25,East,1,27
"1 BHK Flat  for Rent in Gachibowli, Hyderabad",1.0,Gachibowli,,Furnished,1,Bachelors/Family,Immediately,750,carpet-area,6,8,North - East,1,27
"2 BHK Flat  for Rent in Tellapur, Outer Ring Road, Hyderabad",2.0,"Tellapur, Outer Ring Road",,Semi-Furnished,2,Bachelors,Immediately,1355,super-area,17,39,East,1,27
"2 BHK Flat  for Rent in Kondapur, Hyderabad",2.0,Kondapur,,Furnished,2,Bachelors,Immediately,1200,carpet-area,1,5,North - East,1,27
"1 BHK Flat  for Rent in Kondapur, Hyderabad",1.0,Kondapur,,Furnished,1,Bachelors/Family,Immediately,650,carpet-area,2,6,East,1,27
"3 BHK Flat  for Rent in Shivrampalli Village, Hyderabad",3.0,Shivrampalli Village,5000.0,Semi-Furnished,2,Bachelors/Family,Immediately,1100,carpet-area,9,10,West,1,27
"1 BHK Flat  for Rent in Kothaguda, Hyderabad",1.0,Kothaguda,1500.0,Furnished,1,Bachelors/Family,Immediately,500,carpet-area,4,5,East,1,27
"3 BHK Flat  for Rent in Kondapur, Hyderabad",3.0,Kondapur,7000.0,Semi-Furnished,3,Family,Immediately,1965,super-area,17,24,West,1,28
"3 BHK Flat  for Rent in Kondapur, Hyderabad",3.0,Kondapur,11100.0,Unfurnished,3,Bachelors,Immediately,2350,super-area,8,20,West,2,28
"3 BHK Flat  for Rent in Kondapur, Hyderabad",3.0,Kondapur,5000.0,Semi-Furnished,2,Family,Immediately,1200,carpet-area,11,24,West,1,28
"4 BHK Flat  for Rent in Kavuri Hills, Madhapur, Hyderabad",4.0,"Kavuri Hills, Madhapur",7000.0,Furnished,4,Bachelors/Family,Immediately,3600,carpet-area,5,13,West,2,28
"2 BHK Flat  for Rent in Kondapur, Hyderabad",2.0,Kondapur,,Furnished,2,Bachelors,Immediately,1200,carpet-area,2,6,North - East,1,28
"3 BHK Flat  for Rent in Toli Chowki, Hyderabad",3.0,Toli Chowki,7500.0,Semi-Furnished,3,Bachelors,Immediately,2400,super-area,4,8,North,2,28
"1 BHK Flat  for Rent in Kondapur, Hyderabad",1.0,Kondapur,,Furnished,1,Bachelors,Immediately,700,carpet-area,7,7,North - East,1,29
"4 BHK Flat  for Rent in Hitech City, Hyderabad",4.0,Hitech City,,Furnished,4,Bachelors/Family,Immediately,4070,carpet-area,14,35,East,3,29
"3 BHK Flat  for Rent in Kondapur, Hyderabad",3.0,Kondapur,,Semi-Furnished,3,Bachelors,Immediately,1800,carpet-area,2,5,North - East,2,29
"3 BHK Flat  for Rent in Hitech City, Hyderabad",3.0,Hitech City,5000.0,Semi-Furnished,3,Bachelors/Family,Immediately,2050,super-area,6,7,East,1,29
"3 BHK Flat  for Rent in Gachibowli, Hyderabad",3.0,Gachibowli,5000.0,Furnished,3,Bachelors/Family,Immediately,2000,carpet-area,2,14,West,1,29
"1 BHK Flat  for Rent in Kondapur, Hyderabad",1.0,Kondapur,,Furnished,1,Bachelors,Immediately,700,carpet-area,7,7,North - East,1,29
"3 BHK Flat  for Rent in Nalagandla, Hyderabad",3.0,Nalagandla,,Semi-Furnished,3,Bachelors,Immediately,1875,super-area,18,24,West,1,29
"3 BHK Flat  for Rent in Kondapur, Hyderabad",3.0,Kondapur,4500.0,Semi-Furnished,2,Bachelors,Immediately,1200,carpet-area,4,15,East,1,29
"3 BHK Flat  for Rent in Gachibowli, Hyderabad",3.0,Gachibowli,7000.0,Semi-Furnished,3,Bachelors,Immediately,1742,super-area,28,34,West,1,29
"3 BHK Flat  for Rent in Kondapur, Hyderabad",3.0,Kondapur,,Semi-Furnished,3,Bachelors,Immediately,1497,super-area,15,39,East,1,29
"1 BHK Flat  for Rent in Kondapur, Hyderabad",1.0,Kondapur,,Furnished,1,Bachelors/Family,Immediately,700,carpet-area,3,7,,1,30
"3 BHK Flat  for Rent in Silpa Park, Hyderabad",3.0,Silpa Park,5000.0,Semi-Furnished,3,Family,Immediately,1800,carpet-area,4,9,West,2,30
"1 BHK Flat  for Rent in Kondapur, Hyderabad",1.0,Kondapur,,Semi-Furnished,1,Bachelors/Family,Immediately,700,carpet-area,3,5,North - East,1,30
"4 BHK Flat  for Rent in Gachibowli, Hyderabad",4.0,Gachibowli,,Furnished,4,Bachelors,Immediately,2729,super-area,25,34,West,3,30
"3 BHK Flat  for Rent in Nalagandla, Hyderabad",3.0,Nalagandla,,Semi-Furnished,2,Bachelors,Immediately,1019,carpet-area,2,22,East,2,30
"2 BHK Flat  for Rent in Kondapur, Hyderabad",2.0,Kondapur,,Furnished,2,Bachelors/Family,Immediately,1200,carpet-area,3,5,North,2,30
"3 BHK Flat  for Rent in Kondapur, Hyderabad",3.0,Kondapur,,Furnished,3,Bachelors/Family,Immediately,1800,carpet-area,5,6,North - East,2,30
"2 BHK Flat  for Rent in Kondapur, Hyderabad",2.0,Kondapur,,Semi-Furnished,2,Bachelors/Family,Immediately,1200,carpet-area,3,5,North - East,1,30
"3 BHK Flat  for Rent in Power Welfare Society, Hyderabad",3.0,Power Welfare Society,6000.0,Semi-Furnished,3,Bachelors/Family,Immediately,1600,carpet-area,1,34,East,1,31
"2 BHK Flat  for Rent in Narsingi, Outer Ring Road, Hyderabad",2.0,"Narsingi, Outer Ring Road",3000.0,Furnished,2,Bachelors/Family,Immediately,900,carpet-area,5,5,East,1,31
"3 BHK Flat  for Rent in Kondapur, Hyderabad",3.0,Kondapur,4500.0,Semi-Furnished,2,Bachelors/Family,Immediately,1100,carpet-area,12,15,East,2,31
"1 BHK Flat  for Rent in Kondapur, Hyderabad",1.0,Kondapur,2000.0,Semi-Furnished,1,Bachelors/Family,Immediately,600,carpet-area,4,5,East,1,31
"2 BHK Flat  for Rent in Kondapur, Hyderabad",2.0,Kondapur,,Semi-Furnished,2,Bachelors,Immediately,1200,carpet-area,1,5,North - East,1,31
"3 BHK Flat  for Rent in Whitefields, Hyderabad",3.0,Whitefields,8000.0,Semi-Furnished,3,Family,Immediately,2000,carpet-area,7,10,East,2,31
"1 BHK Flat  for Rent in Kondapur, Hyderabad",1.0,Kondapur,,Furnished,1,Bachelors,Immediately,700,carpet-area,2,3,North - East,,32
"3 BHK Flat  for Rent in Puppalguda, Hyderabad",3.0,Puppalguda,1000.0,Semi-Furnished,3,Bachelors,Immediately,1228,carpet-area,15,32,East,3,32
"1 BHK Flat  for Rent in Kondapur, Hyderabad",1.0,Kondapur,,Semi-Furnished,1,Bachelors,Immediately,700,carpet-area,1,4,North - East,,32
"3 BHK Flat  for Rent in Kondapur, Hyderabad",3.0,Kondapur,,Semi-Furnished,3,Bachelors,Immediately,1800,carpet-area,1,3,North - East,2,32
"1 BHK Flat  for Rent in Madhapur, Hyderabad",1.0,Madhapur,1500.0,Semi-Furnished,1,Bachelors/Family,Immediately,600,carpet-area,4,5,,1,32
"3 BHK Flat  for Rent in Nallagandla Tellapur Road, Hyderabad",3.0,Nallagandla Tellapur Road,,Semi-Furnished,2,Bachelors,Immediately,1560,super-area,4,24,West,1,32
"3 BHK Flat  for Rent in Kokapet, Outer Ring Road, Hyderabad",3.0,"Kokapet, Outer Ring Road",8000.0,Semi-Furnished,3,Bachelors/Family,Immediately,2300,carpet-area,3,19,West,1,32
"2 BHK Flat  for Rent in Madeenaguda, Hyderabad",2.0,Madeenaguda,2000.0,Semi-Furnished,2,Bachelors/Family,Immediately,1200,carpet-area,3,5,East,2,32
"1 BHK Flat  for Rent in Kondapur, Hyderabad",1.0,Kondapur,2000.0,Furnished,1,Bachelors,Immediately,600,carpet-area,5,5,East,1,32
"1 BHK Flat  for Rent in Kondapur, Hyderabad",1.0,Kondapur,1000.0,Furnished,1,Bachelors,Immediately,560,carpet-area,3,5,East,1,32
"1 BHK Flat  for Rent in Kondapur, Hyderabad",1.0,Kondapur,1000.0,Furnished,1,Bachelors,Immediately,560,carpet-area,3,5,East,1,32
"1 BHK Flat  for Rent in Kondapur, Hyderabad",1.0,Kondapur,1000.0,Furnished,1,Bachelors,Immediately,560,carpet-area,3,5,East,1,33
"1 BHK Flat  for Rent in Kondapur, Hyderabad",1.0,Kondapur,1000.0,Furnished,1,Bachelors,Immediately,560,carpet-area,4,5,North,1,33
4 BHK Flat  for Rent in  Hyderabad,4.0,Hyderabad,30000.0,Semi-Furnished,5,Family,Immediately,6000,carpet-area,10,29,East,3,33
"1 BHK Flat  for Rent in Kondapur, Hyderabad",1.0,Kondapur,1000.0,Semi-Furnished,1,Bachelors,Immediately,560,carpet-area,3,5,North,1,33
"1 BHK Flat  for Rent in Kondapur, Hyderabad",1.0,Kondapur,1000.0,Furnished,1,Bachelors,Immediately,560,carpet-area,3,5,East,1,33
"1 BHK Flat  for Rent in Kondapur, Hyderabad",1.0,Kondapur,1000.0,Furnished,1,Bachelors,Immediately,560,carpet-area,3,5,North,1,33
"3 BHK Flat  for Rent in Tellapur, Outer Ring Road, Hyderabad",3.0,"Tellapur, Outer Ring Road",,Semi-Furnished,3,Bachelors,Immediately,1926,super-area,12,39,West,1,33
"3 BHK Flat  for Rent in Kokapet, Outer Ring Road, Hyderabad",3.0,"Kokapet, Outer Ring Road",,Semi-Furnished,3,Bachelors,Immediately,2124,super-area,2,30,East,2,33
"3 BHK Flat  for Rent in Somajiguda, NH 9, Hyderabad",3.0,"Somajiguda, NH 9",4000.0,Furnished,3,Bachelors,Immediately,1850,carpet-area,5,8,,4,33
"3 BHK Flat  for Rent in Kokapet, Outer Ring Road, Hyderabad",3.0,"Kokapet, Outer Ring Road",,Semi-Furnished,3,Bachelors,Immediately,1945,super-area,15,19,East,1,33
"3 BHK Flat  for Rent in Kondapur, Hyderabad",3.0,Kondapur,5000.0,Semi-Furnished,3,Family,Immediately,1198,carpet-area,23,39,East,1,33
"3 BHK Flat  for Rent in Banjara Hills, NH 9, Hyderabad",3.0,"Banjara Hills, NH 9",8000.0,Semi-Furnished,3,Bachelors,Immediately,2600,super-area,2,5,West,2,33
"2 BHK Flat  for Rent in Narsingi, Outer Ring Road, Hyderabad",2.0,"Narsingi, Outer Ring Road",5000.0,Semi-Furnished,2,Bachelors/Family,Immediately,1375,carpet-area,Lower Basement,15,East,1,33
"4 BHK Flat  for Rent in Madhapur, Hyderabad",4.0,Madhapur,15000.0,Semi-Furnished,5,Family,Immediately,3550,super-area,10,18,West,2,34
"4 BHK Flat  for Rent in Kokapet, Outer Ring Road, Hyderabad",4.0,"Kokapet, Outer Ring Road",,Unfurnished,4,Bachelors,Immediately,7333,super-area,13,28,West,2,34
"4 BHK Flat  for Rent in Kokapet, Outer Ring Road, Hyderabad",4.0,"Kokapet, Outer Ring Road",,Furnished,4,Bachelors,Immediately,7333,super-area,15,28,West,2,34
"3 BHK Flat  for Rent in Nanakaramguda, Hyderabad",3.0,Nanakaramguda,12000.0,Semi-Furnished,3,Bachelors/Family,Immediately,1800,carpet-area,12,30,North,1,34
"3 BHK Flat  for Rent in Gachibowli, Hyderabad",3.0,Gachibowli,,Unfurnished,3,Bachelors/Family,Immediately,1685,super-area,11,14,West,1,34
"3 BHK Flat  for Rent in Narsingi, Outer Ring Road, Hyderabad",3.0,"Narsingi, Outer Ring Road",7800.0,Semi-Furnished,3,Bachelors,Immediately,2410,carpet-area,16,40,East,1,34
"3 BHK Flat  for Rent in Narsingi, Outer Ring Road, Hyderabad",3.0,"Narsingi, Outer Ring Road",6500.0,Semi-Furnished,3,Bachelors,Immediately,1820,carpet-area,16,40,East,1,34
"3 BHK Flat  for Rent in Manchirevula, Outer Ring Road, Hyderabad",3.0,"Manchirevula, Outer Ring Road",7200.0,Semi-Furnished,3,Bachelors/Family,Immediately,1850,carpet-area,5,5,East,1,34
"3 BHK Flat  for Rent in Kondapur, Hyderabad",3.0,Kondapur,5700.0,Semi-Furnished,3,Bachelors,Immediately,1600,carpet-area,11,15,East,2,34
"4 BHK Flat  for Rent in Kondapur, Hyderabad",4.0,Kondapur,19000.0,Semi-Furnished,5,Bachelors/Family,Immediately,3500,carpet-area,7,19,West,2,34
"4 BHK Flat  for Rent in Nalagandla, Hyderabad",4.0,Nalagandla,,Semi-Furnished,4,Bachelors,Immediately,2660,super-area,17,25,East,1,35
"2 BHK Flat  for Rent in Kondapur, Hyderabad",2.0,Kondapur,4000.0,Semi-Furnished,2,Bachelors/Family,Immediately,970,carpet-area,9,22,East,2,35
"2 BHK Flat  for Rent in Krishna Reddy Pet Road, Hyderabad",2.0,Krishna Reddy Pet Road,1000.0,Semi-Furnished,2,Bachelors/Family,From Mar '26,1000,carpet-area,2,4,,1,35
"3 BHK Flat  for Rent in Nallagandla Tellapur Road, Hyderabad",3.0,Nallagandla Tellapur Road,,Semi-Furnished,2,Bachelors,Immediately,1800,super-area,Ground,14,North,1,35
"5 BHK Flat  for Rent in Jubilee Hills, Hyderabad",5.0,Jubilee Hills,,Semi-Furnished,6,Bachelors,Immediately,6000,carpet-area,2,3,West,3,35
"3 BHK Flat  for Rent in Hitech City, Hyderabad",3.0,Hitech City,25000.0,Semi-Furnished,3,Bachelors/Family,Immediately,2680,super-area,24,35,East,3,35
"3 BHK Flat  for Rent in Financial District, Nanakram Guda, Hyderabad",3.0,"Financial District, Nanakram Guda",6000.0,Semi-Furnished,3,Bachelors/Family,Immediately,1650,carpet-area,9,15,East,3,35
"2 BHK Flat  for Rent in Kondapur, Hyderabad",2.0,Kondapur,5700.0,Semi-Furnished,2,Bachelors/Family,Immediately,970,carpet-area,10,22,West,1,35
"4 BHK Flat  for Rent in Kokapet, Outer Ring Road, Hyderabad",4.0,"Kokapet, Outer Ring Road",9500.0,Semi-Furnished,4,Bachelors,Immediately,2610,carpet-area,25,35,West,1,35
"3 BHK Flat  for Rent in Kondapur, Hyderabad",3.0,Kondapur,6000.0,Semi-Furnished,3,Bachelors,Immediately,1600,super-area,12,19,West,1,36
"3 BHK Flat  for Rent in Whitefields, Hyderabad",3.0,Whitefields,6000.0,Furnished,3,Bachelors/Family,Immediately,2100,carpet-area,5,5,East,1,36
"1 BHK Flat  for Rent in Dilsukhnagar, Hyderabad",1.0,Dilsukhnagar,,Unfurnished,1,Bachelors/Family,Immediately,1000,carpet-area,Ground,1,,1,36
"3 BHK Flat  for Rent in Kokapet, Outer Ring Road, Hyderabad",3.0,"Kokapet, Outer Ring Road",5000.0,Semi-Furnished,3,Bachelors,Immediately,1210,carpet-area,16,39,East,3,36
"4 BHK Flat  for Rent in Gachibowli, Hyderabad",4.0,Gachibowli,,Semi-Furnished,5,Bachelors,Immediately,2713,super-area,31,34,East,2,37
"3 BHK Flat  for Rent in Kokapet, Outer Ring Road, Hyderabad",3.0,"Kokapet, Outer Ring Road",4000.0,Semi-Furnished,3,Bachelors,Immediately,1210,carpet-area,13,39,North,2,37
"2 BHK Flat  for Rent in Power Welfare Society, Hyderabad",2.0,Power Welfare Society,5000.0,Furnished,2,Family,Immediately,1010,carpet-area,6,26,East,2,37
"3 BHK Flat  for Rent in Chanda Nagar, Hyderabad",3.0,Chanda Nagar,6000.0,Semi-Furnished,3,Family,Immediately,1610,super-area,1,14,East,1,37
"3 BHK Flat  for Rent in Narsingi, Outer Ring Road, Hyderabad",3.0,"Narsingi, Outer Ring Road",,Semi-Furnished,3,Bachelors/Family,Immediately,2335,super-area,18,39,East,1,37
"4 BHK Flat  for Rent in Izzathnagar, Hyderabad",4.0,Izzathnagar,15000.0,Semi-Furnished,4,Family,Immediately,3094,super-area,15,42,East,2,37
"2 BHK Flat  for Rent in Gachibowli, Hyderabad",2.0,Gachibowli,5000.0,Unfurnished,2,Bachelors,Immediately,1283,super-area,20,34,East,1,37
"2 BHK Flat  for Rent in Miyapur, NH 9, Hyderabad",2.0,"Miyapur, NH 9",3000.0,Semi-Furnished,2,Bachelors,Immediately,861,super-area,4,14,North,1,37
"4 BHK Flat  for Rent in Kondapur, Hyderabad",4.0,Kondapur,,Semi-Furnished,5,Bachelors,Immediately,3420,super-area,4,20,West,2,37
"3 BHK Flat  for Rent in Satyam Enclave, Komapally, NH 7, Hyderabad",3.0,"Satyam Enclave, Komapally, NH 7",2000.0,Semi-Furnished,3,Bachelors/Family,Immediately,1339,carpet-area,4,5,West,1,38
"3 BHK Flat  for Rent in Kondapur, Hyderabad",3.0,Kondapur,,Semi-Furnished,3,Bachelors,Immediately,2350,super-area,11,21,East,2,38
"4 BHK Flat  for Rent in Narsingi, Outer Ring Road, Hyderabad",4.0,"Narsingi, Outer Ring Road",,Semi-Furnished,4,Bachelors,Immediately,3939,super-area,23,28,West,3,38
"3 BHK Flat  for Rent in Hitech City, Hyderabad",3.0,Hitech City,,Furnished,3,Bachelors/Family,Immediately,3430,super-area,10,27,West,3,38
"3 BHK Flat  for Rent in Tellapur, Outer Ring Road, Hyderabad",3.0,"Tellapur, Outer Ring Road",,Semi-Furnished,2,Bachelors,Immediately,1573,super-area,23,24,West,1,38
"4 BHK Flat  for Rent in Kokapet, Outer Ring Road, Hyderabad",4.0,"Kokapet, Outer Ring Road",22000.0,Furnished,6,Family,Immediately,5134,carpet-area,13,28,West,4,38
"3 BHK Flat  for Rent in Anjaiah Nagar Gachibowli, Hyderabad",3.0,Anjaiah Nagar Gachibowli,8500.0,Semi-Furnished,3,Family,Immediately,2600,carpet-area,3,5,East,1,38
"3 BHK Flat  for Rent in Whitefields, Hyderabad",3.0,Whitefields,7000.0,Unfurnished,3,Bachelors,Immediately,2000,carpet-area,7,10,West,1,38
"2 BHK Flat  for Rent in Banjara Hills, NH 9, Hyderabad",2.0,"Banjara Hills, NH 9",,Furnished,2,Bachelors/Family,Immediately,1375,carpet-area,3,5,North - East,3,39
"3 BHK Flat  for Rent in Pragathi Nagar, Kukatpally, Hyderabad",3.0,"Pragathi Nagar, Kukatpally",,Semi-Furnished,4,Family,Immediately,1585,carpet-area,6,9,West,3,39
"4 BHK Flat  for Rent in Nandagiri Hills, Jubilee Hills, Hyderabad",4.0,"Nandagiri Hills, Jubilee Hills",15000.0,Semi-Furnished,5,Bachelors/Family,Immediately,4500,super-area,1,4,West,2,39
"2 BHK Flat  for Rent in Gachibowli, Hyderabad",2.0,Gachibowli,5000.0,Semi-Furnished,2,Bachelors/Family,Immediately,1000,carpet-area,26,32,East,2,39
"3 BHK Flat  for Rent in Hitech City, Hyderabad",3.0,Hitech City,10000.0,Semi-Furnished,3,Family,Immediately,2595,carpet-area,18,35,West,1,39
"3 BHK Flat  for Rent in Narsinghi, Hyderabad",3.0,Narsinghi,7500.0,Furnished,3,Family,Immediately,2000,carpet-area,17,30,West,1,39
"1 BHK Flat  for Rent in Hafeezpet, NH 9, Hyderabad",1.0,"Hafeezpet, NH 9",,Semi-Furnished,1,Bachelors/Family,Immediately,600,carpet-area,2,5,,1,40
"2 BHK Flat  for Rent in Gachibowli Kondapur Road, Hyderabad",2.0,Gachibowli Kondapur Road,,Furnished,2,Bachelors/Family,Immediately,1350,carpet-area,4,7,East,1,40
"3 BHK Flat  for Rent in Begumpet, Hyderabad",3.0,Begumpet,,Furnished,3,Bachelors/Family,Immediately,1900,carpet-area,1,2,North - West,3,40
"2 BHK Flat  for Rent in Jubilee Hills, Hyderabad",2.0,Jubilee Hills,3000.0,Semi-Furnished,3,Bachelors,Immediately,2500,carpet-area,1,4,East,2,40
"3 BHK Flat  for Rent in Nanakaramguda, Hyderabad",3.0,Nanakaramguda,,Semi-Furnished,3,Bachelors/Family,Immediately,1935,super-area,5,9,East,2,40
"2 BHK Flat  for Rent in Gachibowli, Hyderabad",2.0,Gachibowli,,Furnished,2,Bachelors,From Apr '26,1492,super-area,25,34,West,1,41
"3 BHK Flat  for Rent in Kondapur, Hyderabad",3.0,Kondapur,2000.0,Semi-Furnished,3,Bachelors,Immediately,1700,carpet-area,2,4,East,2,41
"3 BHK Flat  for Rent in Nalagandla, Hyderabad",3.0,Nalagandla,5000.0,Semi-Furnished,2,Bachelors,Immediately,1016,carpet-area,10,24,East,2,41
"3 BHK Flat  for Rent in Gachibowli, Hyderabad",3.0,Gachibowli,9000.0,Furnished,5,Bachelors,Immediately,2530,carpet-area,9,9,West,2,42
"3 BHK Flat  for Rent in Gachibowli, Hyderabad",3.0,Gachibowli,9000.0,Furnished,5,Bachelors,Immediately,2531,carpet-area,9,9,West,2,42
"3 BHK Flat  for Rent in Narsingi, Outer Ring Road, Hyderabad",3.0,"Narsingi, Outer Ring Road",6500.0,Semi-Furnished,3,Bachelors,Immediately,1715,super-area,7,39,West,2,42
"2 BHK Flat  for Rent in Narsingi, Outer Ring Road, Hyderabad",2.0,"Narsingi, Outer Ring Road",5000.0,Semi-Furnished,2,Bachelors,Immediately,1370,super-area,21,39,West,1,42
"2 BHK Flat  for Rent in Narsingi, Outer Ring Road, Hyderabad",2.0,"Narsingi, Outer Ring Road",5000.0,Semi-Furnished,2,Bachelors,Immediately,950,carpet-area,24,39,East,1,42
"2 BHK Flat  for Rent in Narsingi, Outer Ring Road, Hyderabad",2.0,"Narsingi, Outer Ring Road",,Semi-Furnished,2,Bachelors,Immediately,1000,carpet-area,24,39,East,1,42
"2 BHK Flat  for Rent in Narsingi, Outer Ring Road, Hyderabad",2.0,"Narsingi, Outer Ring Road",,Semi-Furnished,2,Family,Immediately,882,carpet-area,24,39,East,1,42
"2 BHK Flat  for Rent in Narsingi, Outer Ring Road, Hyderabad",2.0,"Narsingi, Outer Ring Road",,Semi-Furnished,2,Bachelors,Immediately,871,carpet-area,24,39,East,1,42
"1 BHK Flat  for Rent in Nallagandla Tellapur Road, Hyderabad",1.0,Nallagandla Tellapur Road,1000.0,Furnished,1,Bachelors/Family,Immediately,600,carpet-area,4,6,South,2,42
"3 BHK Flat  for Rent in Nalagandla, Hyderabad",3.0,Nalagandla,,Semi-Furnished,2,Bachelors/Family,Immediately,1560,super-area,5,25,East,1,42
"4 BHK Flat  for Rent in Gachibowli, Hyderabad",4.0,Gachibowli,23000.0,Furnished,5,Family,Immediately,4500,super-area,6,24,East,2,42
"3 BHK Flat  for Rent in Pocharam, NH 2 2, Hyderabad",3.0,"Pocharam, NH 2 2",,Semi-Furnished,2,Bachelors/Family,Immediately,1210,carpet-area,,,West,1,43
"3 BHK Flat  for Rent in Nallagandla Tellapur Road, Hyderabad",3.0,Nallagandla Tellapur Road,,Semi-Furnished,2,Bachelors,From Jan '35,1605,super-area,11,24,West,1,43
"3 BHK Flat  for Rent in Puppalguda, Hyderabad",3.0,Puppalguda,3000.0,Semi-Furnished,3,Bachelors,Immediately,1982,super-area,13,30,East,1,43
"3 BHK Flat  for Rent in Kondapur, Hyderabad",3.0,Kondapur,6000.0,Semi-Furnished,2,Bachelors,Immediately,1500,super-area,19,39,East,1,43
"3 BHK Flat  for Rent in Alkapoor, Hyderabad",3.0,Alkapoor,1000.0,Semi-Furnished,2,Family,Immediately,1550,carpet-area,3,5,North,1,43
"3 BHK Flat  for Rent in Jubilee Hills, Hyderabad",3.0,Jubilee Hills,5000.0,Semi-Furnished,4,Bachelors,Immediately,4000,carpet-area,5,6,East,3,43
"6 BHK Flat  for Rent in Gachibowli, Hyderabad",6.0,Gachibowli,29000.0,Furnished,4,Family,Immediately,5700,carpet-area,25,27,,4,43
"4 BHK Flat  for Rent in Gachibowli, Hyderabad",4.0,Gachibowli,,Semi-Furnished,4,Bachelors/Family,Immediately,4340,super-area,2,14,East,4,43
"3 BHK Flat  for Rent in Madhapur, Hyderabad",3.0,Madhapur,10300.0,Furnished,3,Bachelors/Family,Immediately,2310,super-area,14,18,West,2,44
"4 BHK Flat  for Rent in Gachibowli, Hyderabad",4.0,Gachibowli,7500.0,Semi-Furnished,4,Bachelors,Immediately,2580,super-area,13,14,East,4,44
"3 BHK Flat  for Rent in Kokapet, Outer Ring Road, Hyderabad",3.0,"Kokapet, Outer Ring Road",7000.0,Furnished,3,Bachelors/Family,Immediately,1600,carpet-area,7,15,West,2,44
"Studio Apartment  for Rent in Banjara Hills, NH 9, Hyderabad",,"Banjara Hills, NH 9",,Semi-Furnished,1,Bachelors/Family,Immediately,300,carpet-area,2,2,North - East,3,44
"2 BHK Flat  for Rent in Narsingi, Outer Ring Road, Hyderabad",2.0,"Narsingi, Outer Ring Road",,Semi-Furnished,2,Bachelors,Immediately,900,carpet-area,24,39,East,1,44
"2 BHK Flat  for Rent in Narsingi, Outer Ring Road, Hyderabad",2.0,"Narsingi, Outer Ring Road",,Semi-Furnished,2,Bachelors,Immediately,980,carpet-area,24,39,East,1,44
"3 BHK Flat  for Rent in Narsingi, Outer Ring Road, Hyderabad",3.0,"Narsingi, Outer Ring Road",6000.0,Semi-Furnished,3,Bachelors/Family,Immediately,1500,carpet-area,24,39,East,1,45
"4 BHK Flat  for Rent in Financial District, Nanakram Guda, Hyderabad",4.0,"Financial District, Nanakram Guda",9000.0,Furnished,2,Bachelors/Family,Immediately,1700,carpet-area,6,20,East,2,45
"4 BHK Flat  for Rent in Kondapur, Hyderabad",4.0,Kondapur,,Semi-Furnished,4,Bachelors,Immediately,2374,carpet-area,9,24,East,2,45
"3 BHK Flat  for Rent in Kokapet, Outer Ring Road, Hyderabad",3.0,"Kokapet, Outer Ring Road",7000.0,Semi-Furnished,3,Bachelors,Immediately,1400,carpet-area,24,34,West,2,45
"3 BHK Flat  for Rent in Manikonda Jagir, Hyderabad",3.0,Manikonda Jagir,,Semi-Furnished,3,Bachelors,Immediately,2405,super-area,12,14,East,1,45
"3 BHK Flat  for Rent in Kondapur, Hyderabad",3.0,Kondapur,8000.0,Semi-Furnished,3,Bachelors,Immediately,1700,carpet-area,10,24,East,2,45
"2 BHK Flat  for Rent in Nanakaramguda, Hyderabad",2.0,Nanakaramguda,,Furnished,2,Bachelors,Immediately,1275,super-area,14,26,East,1,46
"2 BHK Flat  for Rent in Banjara Hills, NH 9, Hyderabad",2.0,"Banjara Hills, NH 9",,Furnished,2,Bachelors/Family,Immediately,1200,carpet-area,2,6,North - East,2,46
"3 BHK Flat  for Rent in Chanda Nagar, Hyderabad",3.0,Chanda Nagar,6500.0,Semi-Furnished,3,Bachelors/Family,Immediately,1825,super-area,14,14,East,2,46
"3 BHK Flat  for Rent in Gachibowli, Hyderabad",3.0,Gachibowli,8750.0,Semi-Furnished,3,Bachelors,Immediately,1810,carpet-area,10,32,East,1,46
"3 BHK Flat  for Rent in Lumbini Avenue, Gachibowli, Outer Ring Road, Hyderabad",3.0,"Lumbini Avenue, Gachibowli, Outer Ring Road",12000.0,Semi-Furnished,4,Family,Immediately,3200,carpet-area,7,9,East,2,46
"3 BHK Flat  for Rent in Narsingi, Outer Ring Road, Hyderabad",3.0,"Narsingi, Outer Ring Road",6500.0,Semi-Furnished,3,Bachelors,Immediately,1310,carpet-area,26,30,East,1,46
"2 BHK Flat  for Rent in Gachibowli, Hyderabad",2.0,Gachibowli,4500.0,Semi-Furnished,2,Bachelors/Family,Immediately,808,carpet-area,6,18,West,1,46
"3 BHK Flat  for Rent in Kondapur, Hyderabad",3.0,Kondapur,5000.0,Semi-Furnished,3,Bachelors/Family,Immediately,1200,carpet-area,17,25,East,1,46
"3 BHK Flat  for Rent in Narsingi, Outer Ring Road, Hyderabad",3.0,"Narsingi, Outer Ring Road",5500.0,Semi-Furnished,3,Bachelors,Immediately,1560,carpet-area,22,40,East,1,46
"2 BHK Flat  for Rent in Tellapur, Outer Ring Road, Hyderabad",2.0,"Tellapur, Outer Ring Road",4250.0,Semi-Furnished,2,Bachelors,Immediately,1100,carpet-area,8,10,West,1,46
"3 BHK Flat  for Rent in Narsingi, Outer Ring Road, Hyderabad",3.0,"Narsingi, Outer Ring Road",,Semi-Furnished,3,Bachelors/Family,Immediately,2335,super-area,20,40,East,2,47
"3 BHK Flat  for Rent in Narsingi, Outer Ring Road, Hyderabad",3.0,"Narsingi, Outer Ring Road",,Semi-Furnished,3,Bachelors/Family,Immediately,2020,carpet-area,22,40,East,2,47
"1 BHK Flat  for Rent in Banjara Hills, NH 9, Hyderabad",1.0,"Banjara Hills, NH 9",,Semi-Furnished,1,Bachelors,Immediately,800,carpet-area,4,5,,2,47
"3 BHK Flat  for Rent in Gachibowli, Hyderabad",3.0,Gachibowli,5000.0,Semi-Furnished,3,Bachelors/Family,Immediately,1400,carpet-area,11,14,West,3,47
"3 BHK Flat  for Rent in Kondapur, Hyderabad",3.0,Kondapur,7000.0,Furnished,3,Bachelors/Family,Immediately,1490,super-area,18,19,East,2,47
"3 BHK Flat  for Rent in Chanda Nagar, Hyderabad",3.0,Chanda Nagar,6500.0,Semi-Furnished,3,Bachelors/Family,Immediately,1665,super-area,7,14,East,2,47
"3 BHK Flat  for Rent in Narsingi, Outer Ring Road, Hyderabad",3.0,"Narsingi, Outer Ring Road",7000.0,Semi-Furnished,3,Bachelors,Immediately,1715,carpet-area,,,East,1,47
"2 BHK Flat  for Rent in Narsingi, Outer Ring Road, Hyderabad",2.0,"Narsingi, Outer Ring Road",6000.0,Semi-Furnished,2,Bachelors,Immediately,1370,carpet-area,,,West,1,47
2 BHK Flat  for Rent in  Hyderabad,2.0,Hyderabad,,Semi-Furnished,2,Bachelors,From Apr '26,1100,carpet-area,3,9,West,2,48
"2 BHK Flat  for Rent in Begumpet, Hyderabad",2.0,Begumpet,,Semi-Furnished,2,Bachelors/Family,From Apr '26,1100,carpet-area,3,9,East,2,48
"3 BHK Flat  for Rent in Nalagandla, Hyderabad",3.0,Nalagandla,10000.0,Furnished,3,Bachelors,Immediately,2370,super-area,13,24,East,2,48
"3 BHK Flat  for Rent in Kondapur, Hyderabad",3.0,Kondapur,5000.0,Semi-Furnished,3,Bachelors,Immediately,1945,super-area,17,26,East,2,48
"2 BHK Flat  for Rent in Kondapur, Hyderabad",2.0,Kondapur,,Semi-Furnished,2,Bachelors/Family,Immediately,1340,super-area,13,18,,1,48
"1 BHK Flat  for Rent in Kondapur, Hyderabad",1.0,Kondapur,1000.0,Furnished,1,Bachelors,Immediately,580,carpet-area,5,5,North,1,48
"1 BHK Flat  for Rent in Kondapur, Hyderabad",1.0,Kondapur,1000.0,Furnished,1,Bachelors,Immediately,550,carpet-area,4,5,North,1,48
"3 BHK Flat  for Rent in Narsingi, Outer Ring Road, Hyderabad",3.0,"Narsingi, Outer Ring Road",,Semi-Furnished,3,Bachelors,Immediately,2125,super-area,18,31,West,1,48
"3 BHK Flat  for Rent in Gachibowli, Hyderabad",3.0,Gachibowli,6200.0,Unfurnished,2,Bachelors,Immediately,1492,super-area,3,34,West,1,48
"2 BHK Flat  for Rent in Jubilee Hills, Hyderabad",2.0,Jubilee Hills,1000.0,Semi-Furnished,3,Bachelors/Family,From Apr '26,1200,carpet-area,4,4,East,2,48
"1 BHK Flat  for Rent in Begumpet, Hyderabad",1.0,Begumpet,,Semi-Furnished,1,Bachelors,Immediately,700,carpet-area,1,2,North - West,3,48
"3 BHK Flat  for Rent in Hitech City, Hyderabad",3.0,Hitech City,5000.0,Semi-Furnished,3,Bachelors,Immediately,1580,carpet-area,,,West,1,49
"3 BHK Flat  for Rent in Kukatpally, NH 9, Hyderabad",3.0,"Kukatpally, NH 9",6000.0,Semi-Furnished,3,Bachelors,Immediately,1860,carpet-area,,,West,1,49
"3 BHK Flat  for Rent in Kakatiya Hills Kavuri Hills, Hyderabad",3.0,Kakatiya Hills Kavuri Hills,6000.0,Semi-Furnished,3,Bachelors,From Mar '26,3000,carpet-area,3,5,North - East,2,49
"3 BHK Flat  for Rent in Alkapur Township, Manikonda, Outer Ring Road, Hyderabad",3.0,"Alkapur Township, Manikonda, Outer Ring Road",2000.0,Semi-Furnished,3,Family,Immediately,1900,super-area,2,5,East,2,49
"4 BHK Flat  for Rent in Madhapur, Hyderabad",4.0,Madhapur,10000.0,Furnished,4,Bachelors,Immediately,3190,super-area,5,16,East,3,49
"3 BHK Flat  for Rent in Narsingi, Outer Ring Road, Hyderabad",3.0,"Narsingi, Outer Ring Road",,Semi-Furnished,3,Bachelors/Family,Immediately,2020,super-area,20,39,West,1,49
"3 BHK Flat  for Rent in Narsingi, Outer Ring Road, Hyderabad",3.0,"Narsingi, Outer Ring Road",8000.0,Furnished,3,Bachelors,Immediately,1945,super-area,14,35,East,1,49
"1 BHK Flat  for Rent in Kondapur, Hyderabad",1.0,Kondapur,1000.0,Furnished,1,Bachelors,Immediately,550,carpet-area,4,5,North,1,49
"3 BHK Flat  for Rent in Financial District, Nanakram Guda, Hyderabad",3.0,"Financial District, Nanakram Guda",48000.0,Semi-Furnished,3,Bachelors/Family,Immediately,1200,carpet-area,6,28,West,1,49
"3 BHK Flat  for Rent in Kakatiya Hills Kavuri Hills, Hyderabad",3.0,Kakatiya Hills Kavuri Hills,10000.0,Furnished,3,Bachelors/Family,Immediately,2100,carpet-area,3,5,East,2,50
"3 BHK Flat  for Rent in Tellapur, Outer Ring Road, Hyderabad",3.0,"Tellapur, Outer Ring Road",,Semi-Furnished,2,Bachelors,Immediately,1573,super-area,14,39,East,1,50
"3 BHK Flat  for Rent in Gachibowli, Hyderabad",3.0,Gachibowli,5000.0,Semi-Furnished,3,Bachelors,Immediately,2085,super-area,7,16,East,3,50
"3 BHK Flat  for Rent in Narsingi, Outer Ring Road, Hyderabad",3.0,"Narsingi, Outer Ring Road",,Furnished,3,Bachelors,Immediately,2335,super-area,34,40,East,1,50
"3 BHK Flat  for Rent in Narsingi, Outer Ring Road, Hyderabad",3.0,"Narsingi, Outer Ring Road",6000.0,Semi-Furnished,3,Bachelors,Immediately,1715,super-area,8,39,East,1,50
"2 BHK Flat  for Rent in Banjara Hills, NH 9, Hyderabad",2.0,"Banjara Hills, NH 9",,Furnished,2,Bachelors/Family,Immediately,1250,carpet-area,2,5,West,2,50
